{"1075863839":{"long_id":"$050000001f612040719184a853752062","settings":{"set_name":"realm","tag":"yes","lock_link":"yes","lock_arabic":"no","lock_member":"yes","lock_spam":"yes","strict":"no","leave":"yes","lock_contacts":"no","member":"no","fosh":"yes","flood":"yes","public":"no","lock_rtl":"no","lock_sticker":"no","lock_tgservice":"yes"},"group_type":"SuperGroup","set_owner":136218522,"moderators":[]},"1060616649":{"long_id":"$05000000c9b9373f99d21ced54080443","settings":{"set_name":"Plug","lock_link":"no","lock_arabic":"no","lock_spam":"yes","strict":"no","lock_tgservice":"yes","member":"no","flood":"yes","public":"no","lock_contacts":"no","lock_sticker":"no","lock_rtl":"no"},"group_type":"SuperGroup","set_owner":266215753,"moderators":[]},"groups":{"1060616649":1060616649,"1075863839":1075863839,"1075458513":1075458513,"1086862774":1086862774},"1075458513":{"long_id":"$05000000d1311a40e9bfd576c95387fe","settings":{"set_name":"\u200crealm","lock_link":"no","lock_arabic":"no","lock_spam":"yes","strict":"no","username":"no","cmds":"no","lock_tgservice":"yes","lock_contacts":"no","flood":"yes","public":"no","member":"no","lock_sticker":"no","lock_rtl":"no"},"group_type":"SuperGroup","set_owner":299625261,"moderators":[]},"1086862774":{"long_id":"$05000000b635c840734f0cf8c67b4960","settings":{"set_name":"ریم ریم ریم","lock_link":"no","lock_arabic":"no","lock_spam":"yes","strict":"no","member":"no","lock_rtl":"no","flood":"yes","public":"no","lock_sticker":"no","lock_contacts":"no","lock_tgservice":"yes"},"group_type":"SuperGroup","set_owner":252685762,"moderators":[]}}